{
    "400": [
        "Bad Request",
        "An invalid request was sent and can't be processed."
    ],
    "401": [
        "Unauthorized",
        "You must authorize in order to access this resource."
    ],
    "403": [
        "Forbidden",
        "You don't have permissions to access this resource."
    ],
    "404": [
        "Not Found",
        "The requested resource couldn't be found."
    ],
    "405": [
        "Method Not Allowed",
        "This request method isn't supported by this resource."
    ],
    "406": [
        "Not Acceptable",
        "This resource is only capable of generating unaccepted content."
    ],
    "407": [
        "Proxy Authentication Required",
        "The client must authenticate with the proxy."
    ],
    "408": [
        "Timed Out",
        "The server has timed out."
    ],
    "409": [
        "Conflict",
        "The request can't be processed due to conflicts in the resource."
    ],
    "410": [
        "Gone",
        "The resource is no longer available."
    ],
    "411": [
        "Length Required",
        "The resource requires the length of the request's content."
    ],
    "412": [
        "Precondition Failed",
        "The server doesn't meet the preconditions in the request's headers."
    ],
    "413": [
        "Payload Too Large",
        "The server can't process this request due to it being too large."
    ],
    "414": [
        "URI Too Long",
        "The provided URI was too long for the server to process."
    ],
    "415": [
        "Unsupported Media Type",
        "The resource doesn't accept the provided media type."
    ],
    "416": [
        "Range Not Satisfiable",
        "The client requested a portion of the file that the server can't supply."
    ],
    "417": [
        "Expectation Failed",
        "The server can't meet the requirements of the request's \"Expect\" header."
    ],
    "421": [
        "Misdirected Request",
        "The request was directed at a server that's unable to produce a response."
    ],
    "422": [
        "Unprocessable Entity",
        "The request couldn't be processed."
    ],
    "423": [
        "Locked",
        "The requested resource is locked."
    ],
    "424": [
        "Failed Dependency",
        "The request depends on a request that failed."
    ],
    "425": [
        "Too Early",
        "The server is unwilling to process a request that might be replayed."
    ],
    "426": [
        "Upgrade Required",
        "The client must switch to a different protocol."
    ],
    "428": [
        "Precondition Required",
        "The resource requires the request to be conditional."
    ],
    "429": [
        "Too Many Requests",
        "You're sending too many requests in an amount of time."
    ],
    "431": [
        "Request Headers Too Large",
        "The server can't process this request due to its headers being too large."
    ],
    "451": [
        "Unavailable For Legal Reasons",
        "The server has received a legal demand to deny access to this resource."
    ],
    "500": [
        "Internal Server Error",
        "An internal server error has occured while processing the request."
    ],
    "501": [
        "Not Implemented",
        "This resource is not yet available."
    ],
    "502": [
        "Bad Gateway",
        "The server received an invalid response from the upstream server."
    ],
    "503": [
        "Service Unavailable",
        "The server can't handle the request."
    ],
    "504": [
        "Gateway Timeout",
        "The upstream server being requested has timed out."
    ],
    "505": [
        "HTTP Version Not Supported",
        "The server doesn't support this HTTP protocol."
    ],
    "506": [
        "Variant Also Negotiates",
        "Transparent content negotiation for the request results in a circular reference."
    ],
    "507": [
        "Insufficient Storage",
        "The server is unable to store informations required to process the request."
    ],
    "508": [
        "Loop Detected",
        "An infinite loop has been detected while processing the request."
    ],
    "510": [
        "Not Extended",
        "Further extensions to the request are required in order for the server to fulfill it."
    ],
    "511": [
        "Network Authentication Required",
        "The client needs to authenticate in order to gain network access."
    ],
    "unknown": [
        "Unknown Error",
        "An unknown error has occured."
    ]
}