{
    "navigationBar": {
        "links": {
            "home": ["Home", "/"],
            "help": ["Help", "/help"],
            "translate": ["Translate", "https://flufbird-translate.deta.dev"],
            "documentation": ["API", "https://flufbird-documentation.deta.dev"]
        },
        "buttons": {
            "download": ["Download", "/download"]
        }
    },
    "footer": {
        "links": {
            "about": ["About", "/about"],
            "status": ["Status", "https://flufbird.instatus.com"]
        },
        "socials": {
            "twitter": ["Twitter", "https://twitter.com/FlufBird"],
            "github": ["GitHub", "https://github.com/FlufBird"]
        }
    }
}